subject,sequence,tracker,num_matched_frames,mpvpe,per_frame_mpvpe,centroid_aligned_mpvpe,per_frame_centroid_aligned_mpvpe,pa_mpvpe,per_frame_pa_mpvpe,mpjpe,per_frame_mpjpe,pelvis_aligned_mpjpe,per_frame_pelvis_aligned_mpjpe,pa_mpjpe,per_frame_pa_mpjpe,accel_error,per_frame_accel_error,status,error
00096,jerseyshort_shoulders_mill,easymocap,106,74.48234558105469,"[ 51.583706  51.760506  53.09828   54.704205  56.444153  59.08437
  66.41755   75.865845  87.77245   96.31456  101.15107  102.76501
  99.485985  96.23889   89.58697   82.14985   77.52735   74.449646
  72.39335   73.55398   73.15462   69.88524   74.30596   78.1438
  83.28741   80.84955   80.67415   75.47631   70.339676  65.193275
  60.21993   58.14768   56.84182   53.38612   51.656933  50.03563
  53.181774  55.403187  56.288593  55.805756  55.384205  57.223503
  57.97565   57.992054  59.714405  62.212357  65.25926   63.775265
  60.01982   59.857277  61.30561   69.93862   79.4232    87.15964
  92.77287   97.30929  100.45186  101.89676  100.67973   98.15561
  94.43326   89.43472   86.09869   81.80069   75.998436  71.6227
  71.46686   76.59259   80.0865    81.0045    86.48537   82.0188
  80.173584  83.41541   88.36794   92.045784  92.267525  89.897705
  94.339775 102.190834 107.54071  108.83867  101.21163   93.02921
  88.26054   84.11854   77.645065  71.74453   67.18833   65.7706
  65.48372   64.1544    64.213165  63.397213  62.659718  63.788155
  64.72378   64.16591   65.295296  64.04999   63.8479    62.7985
  62.598167  62.187717  62.1118    61.431736]",69.15469360351562,"[ 29.329447  31.929207  33.703545  35.830166  39.047604  43.879547
  54.9351    68.66919   85.80727   96.73196  103.6053   105.90241
 102.81292   98.17906   90.519135  80.469086  75.439926  72.8277
  70.57326   70.58436   70.94672   67.34902   72.014824  76.4371
  81.705505  78.74028   77.952194  72.2663    65.88027   60.44939
  57.288567  56.69045   56.410004  52.38797   49.424328  46.23263
  47.154285  49.180996  49.964336  50.28134   52.00852   55.50513
  57.192776  57.574905  59.6594    62.317825  65.480965  63.610138
  59.335934  56.86203   55.682117  60.01004   66.48127   72.26615
  76.57081   80.923805  81.95036   82.88336   81.54834   79.39669
  78.17896   77.40996   76.981186  75.69762   70.008194  67.767815
  69.9192    74.800804  78.59758   79.968414  84.79236   80.19109
  77.38718   78.62124   82.39154   84.54344   83.89639   79.561195
  79.76175   85.99314   91.62798   95.21545   90.34475   84.37595
  81.79204   78.4323    72.835594  68.87548   65.11522   64.48847
  64.503746  63.594944  64.009094  63.201466  62.522655  63.696095
  64.71987   64.17262   65.250175  63.913986  63.83523   62.75712
  62.478813  62.053947  61.99228   61.330235]",49.94717788696289,"[21.700045 23.993607 27.042704 29.273272 31.658419 35.11289  41.95799
 52.292202 64.92468  74.49369  81.428314 84.72455  85.89786  82.805214
 76.401726 70.36404  65.838646 63.11459  60.670177 60.277542 58.91116
 57.352547 61.88344  67.755974 73.328384 71.55796  70.63018  66.7398
 61.365623 56.09937  51.962498 48.96981  46.24445  42.993637 40.973984
 38.33812  40.81621  41.25253  42.871452 43.21634  43.537136 44.978943
 45.427402 45.151913 46.026012 47.95887  51.12588  51.503563 51.146717
 50.554783 49.900063 52.104717 55.618168 60.375607 63.030064 66.070244
 66.6424   64.914825 61.80014  57.57484  52.84512  49.926685 47.64637
 46.310383 43.076317 40.501144 43.10049  48.084953 51.48047  53.060608
 55.567547 53.321686 51.94434  52.009064 51.165585 48.889652 45.580658
 41.940628 42.388676 45.56244  49.511295 51.836666 51.5589   48.682037
 46.28943  43.46047  40.067486 37.28249  35.3615   35.328697 35.551674
 36.208492 36.32471  36.15055  37.153236 38.216404 38.398827 38.253223
 38.86991  37.931755 37.466583 37.058144 37.953007 37.511276 37.376198
 37.51709 ]",60.65699768066406,"[56.009262 54.13572  53.628338 54.210335 55.42625  56.930485 62.152428
 67.76503  74.98594  81.779915 86.028885 87.77801  85.14821  82.621254
 77.706436 72.00719  68.12707  64.32858  62.457962 64.01828  63.734016
 60.02195  62.30254  63.816242 68.08162  65.17297  64.82258  60.06099
 57.130356 54.253174 50.734295 49.038265 48.048187 47.023876 45.17578
 43.52441  46.623318 47.907295 47.904816 47.23586  47.738285 49.909218
 50.919598 51.03956  51.259678 52.070496 53.390335 52.40011  49.46162
 49.944057 52.594563 58.01767  62.680767 66.95155  70.02742  72.944534
 74.890076 76.0161   75.58517  74.30271  72.61031  70.08601  68.436386
 66.12732  63.877457 59.53056  57.710567 60.251755 61.93303  62.3575
 66.521164 63.03367  63.120342 66.41118  70.940636 74.043915 73.60229
 72.276726 75.93595  80.90467  83.12231  82.36245  75.517075 69.27763
 65.37723  62.72509  58.70594  54.535713 51.6649   50.4569   50.3317
 49.381924 49.426617 49.30606  48.042286 48.407597 48.918644 48.613106
 49.021137 48.414555 48.40254  47.88868  47.11089  46.789528 47.195705
 46.931995]",55.25511169433594,"[28.203592 30.634813 32.743496 34.367664 35.291042 37.44231  42.52964
 48.94659  57.649086 63.34249  67.028015 68.73978  67.73599  66.28761
 63.682423 59.271748 57.36549  56.090088 55.398853 56.35843  57.177635
 53.923428 55.746555 57.492447 60.704697 58.802338 58.197502 53.95114
 50.308826 47.86532  46.659897 47.090363 47.419712 44.149727 40.75585
 37.147194 38.107773 38.818325 38.395424 38.296894 40.668995 44.247856
 46.21317  47.024338 48.51066  50.100407 52.070587 51.66893  48.896847
 48.337086 50.872593 55.89055  60.727757 64.9874   67.7915   70.314476
 70.911964 72.01479  71.154854 69.99541  70.34293  70.47798  70.57899
 68.79226  67.07456  62.38742  59.689236 60.905354 62.03453  63.82736
 67.9521   63.748352 64.0134   66.124565 69.792694 71.54553  70.388466
 67.19386  68.618576 72.70761  74.85581  76.0311   70.513214 65.39538
 62.548996 59.761616 55.996044 53.21138  50.767643 49.998646 49.930183
 49.082626 49.267067 48.866024 47.543736 47.883926 48.53126  48.20159
 48.53576  47.99329  48.113644 47.4857   46.621258 46.23731  46.60302
 46.3493  ]",39.55482482910156,"[20.790165 22.578077 24.576849 26.195972 27.501068 29.993204 35.079147
 42.695328 51.739513 59.262833 64.86232  67.2508   67.73404  65.97843
 61.82886  57.275738 54.216335 51.811184 50.069244 50.246174 48.999187
 46.536934 48.257263 50.80083  53.999405 52.307514 51.45235  48.655746
 45.21758  42.45992  40.444084 39.83237  39.136826 36.94437  34.40636
 30.09188  32.373703 30.642897 30.997877 31.425629 33.343056 36.13956
 37.7933   38.21266  38.900414 39.590412 41.10451  39.81361  38.60732
 38.51104  39.629116 42.933117 46.765953 51.12715  53.881493 56.37625
 57.00509  55.752457 53.47444  50.28208  46.4849   44.870792 43.2068
 41.53495  38.196747 35.086926 35.681133 38.401382 40.27374  41.796837
 44.691067 44.064342 44.199543 44.381058 43.51185  41.28774  37.879738
 34.212868 34.175133 35.31698  36.544056 36.57401  35.710316 33.759758
 32.0691   29.747972 27.27576  26.096226 25.699293 26.300722 26.111736
 26.659956 26.37195  26.53382  26.56921  27.118414 26.935303 26.572844
 26.28171  25.942066 25.636929 25.554419 25.786669 25.100643 25.102467
 25.590462]",5.884110450744629,"[ 3.6274335  4.034581   3.4837444  5.3078666  4.3799686  3.7681491
  6.313901   4.744552   5.1799436  5.7331285  4.812681   3.8076906
  5.2139707  6.280749   4.304773   3.6706252  3.7320163  6.9747124
 12.624399   9.500309   7.42304    4.502647  12.065443   5.9073305
  9.28147    5.199982   3.2921646  3.9535766  6.158979   6.5316925
  8.6053095  6.050695   7.2921276 13.864576  14.772796   9.795536
  5.6216564  5.1634846  3.8155072  4.9857817  4.188662   4.134835
  4.7201815  2.6378129 11.524137   6.778353   6.5926337  5.388631
  5.9976406  4.7248154  6.8478994  4.4853272  5.0703597  5.970457
  5.5387297  5.0944133  2.9150817  7.323563   5.4846897  6.693508
  5.7681365 11.164797   9.134949   6.870711   6.1907372  7.083925
  4.109783   7.91208   21.802044  17.759968   4.6664014  4.8506556
  4.168764   5.029453   6.5342226  6.3129983  5.6048355  4.3288445
  4.0505843  8.671069   4.8120904  5.015269   4.7991986  4.732107
  4.6320324  2.574399   4.297092   4.2189736  3.9526582  3.842696
  3.7944856  5.089873   5.772713   3.8682117  3.6742034  2.8098698
  3.6105988  2.2905226  1.9691105  2.8349514  3.3056762  2.376833 ]",ok,
00096,shirtlong_punching,easymocap,106,82.51705932617188,"[ 31.921797  32.273224  34.797817  38.92247   41.11674   46.59631
  49.364548  49.416725  42.873795  38.886406  43.06495   45.20977
  46.815742  51.939972  54.82744   59.205082  61.36838   57.34552
  62.307247  65.89111   70.02691   67.82308   72.18967   68.71031
  70.85317   73.21115   73.72165   76.453255  75.89085   70.12018
  66.01606   57.704453  56.07211   62.785385  75.49941   89.71473
 133.34122  151.35706  146.64499  135.11151  122.30379  114.670525
 109.48546  106.90781  101.38083  101.49303   98.17867   86.09983
  77.585205  75.46422   75.921974  74.384     75.07041   76.10975
  81.06721   88.59928   94.20993   94.02878   86.37215   93.38322
  94.68619   82.432     78.93129   80.12692   73.986626  63.534714
  56.139668  51.798126  52.658432  59.137966  67.25467   76.92857
  79.243774  71.370865  67.45245   75.648384  77.08668   80.49392
  81.02714   78.261055  73.142     68.43923   63.31254   62.856556
  66.639145  75.69913   93.448616 109.787605 123.81643  130.27736
 134.48438  136.6164   132.40102  130.87791  129.59323  122.25891
 116.41101  115.27603  115.239265 116.242256 120.32046  121.57901
 119.315475 115.576836 112.49399  112.39667 ]",64.57976531982422,"[ 30.946379  30.188334  30.150665  33.11015   36.696484  42.371315
  45.09753   44.724037  36.26739   33.537052  38.82918   44.470455
  47.831642  52.540504  52.023674  53.261955  46.443394  45.921024
  50.867954  57.433586  63.203796  62.123993  65.50449   63.743763
  66.031395  67.7046    64.96775   58.935627  56.159897  58.075356
  60.5676    59.52949   58.573174  66.836754  84.26313  101.962975
 134.4125   141.9043   127.84736  113.526955 100.88391   91.628944
  87.01194   88.786156  88.13238   85.34341   81.22153   78.923096
  78.00719   77.63709   77.852486  73.39362   71.61972   73.77861
  81.341286  92.94262  101.02293   99.85431   86.77841   90.51665
  94.59897   81.363716  73.91933   81.497604  76.284775  64.59978
  55.264214  49.23708   50.07105   58.027954  69.31326   81.07516
  83.101135  73.53081   67.17909   75.76179   79.414566  83.472015
  82.66316   79.23721   74.28143   69.40521   61.842598  54.71315
  47.806404  40.231632  33.08657   34.87838   38.38663   44.367783
  46.99993   46.553936  45.09792   45.887356  46.265793  46.321495
  48.165203  50.09449   48.854336  47.997944  48.548046  48.319336
  47.982563  45.336533  44.24995   44.904655]",59.74126052856445,"[ 25.56728   23.285519  23.085386  26.330177  29.904346  35.432636
  39.292534  40.342323  34.418926  32.20911   36.2473    41.624104
  46.745777  51.388523  51.510437  51.363968  45.963413  45.463207
  51.05036   58.307655  63.749687  62.21353   60.77241   57.70551
  59.186607  60.658184  58.185616  52.857548  49.867508  53.67829
  57.146023  57.558056  56.579716  63.023357  80.77442   99.42593
 129.68645  136.2186   123.24011  109.50563   96.763336  87.80647
  81.23602   80.85739   80.09161   77.104515  74.64862   75.49588
  76.604576  76.4405    75.99726   73.12537   70.886154  71.84436
  78.292404  87.613106  93.04096   90.331924  80.80911   87.74163
  91.53784   79.04818   67.43307   72.22957   70.75657   62.356445
  53.970894  48.292095  48.303265  54.972317  63.760326  74.78376
  77.61463   70.88342   66.95487   73.69069   76.191895  81.16627
  81.00437   78.0677    73.81144   68.42745   61.87373   54.55579
  46.954803  37.972473  29.948116  29.38012   31.065487  35.455082
  38.13376   37.53077   36.142986  35.42404   35.771976  35.494484
  36.18101   36.09085   35.92645   34.838715  35.06578   35.689903
  35.37842   34.83976   34.71558   34.58949 ]",71.58403778076172,"[ 31.168787  31.582151  33.213997  35.23038   35.967564  40.134403
  43.031315  44.168552  42.738586  40.188667  41.294827  38.683395
  36.778732  40.60078   41.975784  46.618362  48.66238   46.208202
  52.01484   54.353024  56.862164  54.593113  59.385612  57.619045
  58.20939   58.878185  60.827732  64.355934  62.837116  56.251358
  51.456276  42.69123   40.169594  44.124943  51.300957  59.1812
  94.91503  108.54378  106.39411  100.79202   96.35604   94.87259
  92.46042   89.7721    86.171844  86.702774  83.15254   72.87418
  61.542618  57.88404   58.738377  59.01674   62.361305  64.582504
  66.989235  69.62653   73.762     76.12583   75.72336   82.16288
  82.855644  74.7392    70.9429    66.79828   60.35559   53.607597
  48.457268  43.85292   45.131336  50.986786  55.68957   62.377007
  64.69136   59.633633  59.27476   67.65237   69.83201   73.560394
  74.477585  73.32285   69.305275  64.96171   58.843155  60.063496
  64.50635   73.704956  90.088425 106.61242  120.002716 126.49067
 130.70937  133.18466  128.4301   126.47799  124.72097  117.11087
 110.60634  109.23547  110.692986 111.745636 115.0204   116.50339
 113.61138  109.621376 106.35392  106.18379 ]",53.731136322021484,"[28.388714 28.029806 27.700813 30.21151  32.091824 35.81756  40.245285
 42.6466   40.036076 36.358925 36.476513 38.420944 39.620224 43.24576
 39.477066 39.950634 31.964478 32.760117 37.369904 41.68157  46.429714
 46.883972 52.937557 53.692703 55.590126 54.785328 54.453934 56.25228
 53.76518  49.518612 48.044403 43.741776 40.431034 43.794823 53.0073
 64.195244 86.95001  93.23224  86.38081  80.7678   78.441284 76.12366
 73.272545 73.76898  75.67025  77.76594  74.68115  65.48939  59.102238
 56.875458 56.263985 53.6322   54.720383 59.526485 65.35833  70.85022
 76.35907  78.32279  77.9572   80.99182  81.91806  75.746796 75.522865
 73.95908  68.76551  59.541016 53.194176 47.623573 49.594162 58.18935
 62.413765 68.26219  70.42543  63.512264 59.216206 68.12995  70.31134
 74.4114   77.13355  79.69851  78.15603  73.11457  59.022858 49.11674
 40.315586 34.27888  28.419682 29.454998 30.829536 34.990387 37.22017
 37.2672   36.707325 37.718525 36.894184 36.57127  38.192284 40.27929
 40.296238 40.108616 41.39854  42.831394 43.35822  40.888817 38.917797
 39.059963]",45.656368255615234,"[21.369091 19.499746 18.159262 20.083374 23.045078 27.774477 32.179024
 34.582718 32.451454 29.936602 30.279116 31.975355 34.500713 37.684906
 35.74202  35.74639  30.352592 31.162968 36.902752 42.732178 47.274498
 44.7283   45.289433 43.862015 45.283764 44.863956 43.445515 41.504562
 39.031414 40.055172 41.1005   39.912525 36.997787 41.41286  54.348785
 67.81147  89.93828  94.54057  83.631065 74.38074  70.38108  66.43876
 64.63576  65.01595  65.59715  64.39073  61.395084 60.2235   59.4829
 58.67803  58.524715 56.40939  55.7882   57.29212  61.98354  69.34365
 74.331856 72.60358  67.09928  70.025406 68.810234 62.922813 55.79773
 59.389683 58.34021  50.717922 43.029297 37.425755 38.133564 44.556732
 50.4663   58.019234 60.439835 55.98022  55.13423  59.553307 61.324608
 66.17507  67.38665  66.29561  63.15989  58.050808 51.445198 43.72942
 35.45678  28.063566 21.051998 20.126013 21.311626 24.664986 26.7649
 26.273891 26.356564 26.344524 24.611488 23.536205 24.042944 24.256117
 24.685265 24.91668  26.005423 26.544456 26.909725 26.236311 24.978674
 24.938656]",12.644201278686523,"[ 2.0299764  4.1086125  4.148726   6.7715774  7.320974  14.969367
  9.257563  12.397888  10.009483  13.964541   9.423702  16.132635
 15.07099   23.507484  22.175835  13.372401  15.386743  13.182491
 23.776228  24.818188  17.141695  11.641501  18.39353   14.414169
 12.269624  12.447423   8.455436   8.902444  15.506961  10.54714
 15.255891  10.594729  10.727276  21.163733  28.672567  20.54976
 13.0736265 15.57685   15.647708  14.139035  14.900462  10.760267
 13.759558  13.748728  11.01585    5.4319115  9.30784    8.394799
 17.457829  13.697184   8.400757  12.585279  11.870313  12.011118
 16.997482  25.49322   19.476696  27.858526  22.280603  13.994899
 19.432426  14.047325  11.913777  11.376008  12.336697  14.97794
 14.350444  13.429824  21.906986  19.746117  18.681625  18.043676
 24.76422   15.604202  15.093173  10.989807  10.911594  10.648131
  8.2381    14.69518    7.454774   7.489714   9.046217   8.154736
 10.677855   9.160261   9.271223   6.3622856  8.384231   4.66376
  5.583499   6.2761908  5.415527   4.9048867  5.084386   5.525794
  5.516138   2.9327471  5.2574463  4.491189   5.893913   4.584565 ]",ok,
00145,shortlong_twist_tilt_left,easymocap,106,67.29582214355469,"[71.97722  77.61226  78.684784 71.32716  68.8338   70.42034  70.8116
 70.568245 66.28586  63.098476 60.173145 61.2811   66.083305 68.90864
 71.35156  72.8431   72.42111  72.23618  71.0671   71.32369  71.57135
 71.37149  73.64808  76.56495  78.45202  80.99505  82.276985 80.95103
 80.63724  78.8984   74.3731   67.186966 59.688625 51.53657  51.428642
 53.225803 62.27554  61.462364 57.32478  57.398773 58.770706 59.495377
 61.04858  64.000114 64.44586  62.269775 60.971657 61.262928 61.70291
 63.9356   63.661655 63.926743 63.839973 65.543755 70.999725 70.899536
 75.08262  77.568985 80.76015  78.37274  79.00126  75.07243  77.28408
 77.655    79.071754 80.768974 80.62577  76.56676  71.96408  67.711105
 63.165382 78.047165 81.36638  83.93519  83.866394 81.70961  78.22949
 73.49499  72.082405 68.48577  65.02878  61.19189  61.42535  60.947376
 61.65365  57.51896  55.118027 49.902855 51.91423  50.095284 50.513664
 51.747715 50.04477  55.650562 52.85567  53.46977  56.035877 63.60695
 63.641563 65.883316 62.91903  60.407627 64.25487  59.771137 60.726227
 59.792492]",58.34916687011719,"[42.313198 49.62042  52.39023  52.73658  48.35074  47.788914 46.371326
 43.96123  44.417908 45.243164 46.821655 47.955776 49.983635 53.01337
 54.953205 57.197086 57.23813  58.33394  59.420483 60.473637 61.761982
 62.937416 65.51607  68.70563  70.90732  72.19429  74.75112  75.76481
 75.361885 74.35395  69.716736 65.21753  58.114815 51.07669  50.5556
 51.529423 58.569225 57.45734  53.858395 52.97618  53.733047 54.83618
 57.908855 60.893    62.208435 61.249157 60.3577   60.39199  60.371395
 60.514626 59.58492  57.74296  56.812424 56.60217  56.438625 55.052296
 57.404083 60.30247  61.801563 61.47073  61.936672 64.963394 66.892494
 67.92876  68.98003  68.92606  67.77328  66.06773  63.771793 60.44565
 57.905453 72.88184  77.439224 80.16308  80.07292  76.499176 70.74872
 65.855095 61.36689  57.391098 52.142727 50.39306  53.047375 55.405876
 59.371033 55.302296 52.265266 49.442932 51.827377 50.204166 50.6783
 49.917133 49.17716  50.92305  51.74716  52.307602 53.049084 53.97069
 53.79253  53.724323 52.006    49.1322   51.74017  51.57776  53.866825
 54.40274 ]",40.51068115234375,"[29.093016 34.056545 37.409164 34.66768  27.980679 29.186253 31.20776
 33.96747  37.221416 38.54103  39.354042 39.68509  40.630215 41.302143
 41.04117  40.232224 40.92876  41.2832   41.80275  42.919437 43.782383
 44.530693 46.46314  49.85274  52.103134 54.07642  56.8959   58.25807
 56.876472 53.73548  48.397156 41.819775 34.270287 31.810917 34.1604
 34.909805 37.19047  36.472298 35.75653  36.082962 36.87691  37.996723
 40.769566 44.264477 46.236897 46.248646 45.895294 45.20844  44.00701
 42.464848 40.50302  37.822342 34.065334 31.725927 30.983742 31.23048
 32.244446 34.029415 34.927483 34.931274 36.46686  39.57682  44.96754
 49.685493 52.192966 52.736877 50.99099  48.934227 48.53439  47.756607
 47.5322   57.188927 60.51207  63.05679  63.215473 59.183613 52.49215
 45.294884 38.93149  33.147766 30.33856  30.175617 31.780012 33.12542
 34.006    33.873695 34.562862 35.230198 37.11794  36.715076 35.36715
 34.021095 33.556858 34.822334 34.674435 34.533226 34.228138 33.753796
 33.52913  33.55225  33.781563 34.6786   36.091427 37.62907  38.95715
 39.245434]",63.57172775268555,"[73.06976  74.47456  75.29145  70.54249  70.1592   70.91888  71.26706
 71.35465  68.51856  66.41286  64.35065  66.29402  70.68157  73.03002
 74.3693   75.94251  75.17814  74.28467  71.41016  70.838684 70.22872
 69.14337  70.01349  70.65504  71.47708  72.72461  72.81131  70.65916
 70.55321  69.14056  65.8818   59.753937 54.62543  48.42842  47.419415
 48.505623 52.75428  51.899044 49.60148  49.56555  50.770523 51.96041
 52.004993 54.15527  54.65418  54.855663 54.379494 55.269417 55.74292
 58.386593 58.458195 60.47647  60.800175 61.549362 65.12861  66.02808
 69.94306  71.677536 73.99195  72.23184  71.98826  67.791916 68.31192
 68.858986 70.605034 72.31381  72.84895  69.89304  65.833534 60.44442
 56.3643   70.173805 72.29044  73.75262  72.736275 69.656784 67.2029
 64.17093  64.72624  65.035706 63.83817  61.98929  62.12529  61.788757
 62.22637  59.37636  56.293785 50.68999  50.487747 48.0262   50.19655
 52.719116 53.620113 58.630257 57.47674  57.454796 59.602406 64.30932
 63.365482 64.288635 60.809734 58.258503 61.291767 56.551376 55.942047
 55.548817]",55.03464126586914,"[40.595947 45.650337 48.164814 49.734463 46.69948  45.208202 44.962734
 41.80928  41.459995 42.599762 44.819344 46.27555  47.522453 49.93263
 50.597687 52.18629  54.14228  56.022762 57.281616 58.308514 59.846252
 60.15251  61.1769   61.32765  61.092896 60.956406 60.633617 59.78178
 57.97249  56.495667 53.609165 52.736153 50.9553   49.57398  52.132042
 55.36398  55.089115 56.015594 53.314964 53.03983  54.676235 56.334484
 55.445015 59.10172  59.679165 60.141277 59.088604 59.66657  59.899075
 61.676544 60.28701  58.832157 58.06346  56.035442 54.79706  53.439796
 55.83869  58.61974  60.278027 60.357094 58.59917  56.72583  56.470455
 57.637836 58.941334 61.2859   63.721226 63.24539  60.608265 57.653515
 54.128597 64.19048  65.83948  66.40367  67.12839  66.200676 62.68955
 59.10054  56.90972  54.020123 49.64608  48.16507  49.325104 51.42972
 53.987564 53.17119  52.357117 49.715343 52.252907 50.793846 52.250923
 53.495823 54.0906   57.83527  58.242897 58.554928 59.525597 59.976807
 57.251175 55.971157 51.0916   46.173218 47.593746 45.658527 47.69264
 48.425407]",33.60236358642578,"[28.036802 28.648643 31.046017 31.278286 27.727306 25.080421 23.807571
 24.723396 25.88462  26.973272 28.455286 29.7193   31.00369  32.648903
 32.873634 33.290546 34.80777  36.213734 37.751827 39.41122  40.846203
 40.868423 42.096092 43.892754 44.424385 44.957672 45.52177  44.96668
 42.99716  39.79252  35.101456 30.71533  27.0705   26.110775 28.155468
 29.343573 34.735806 33.495617 31.169659 30.326248 30.095257 30.388527
 31.118752 32.267895 32.97034  33.44072  33.2731   33.048347 32.356876
 31.648214 31.230726 30.973593 30.288914 30.437418 31.923412 32.86648
 33.971573 35.543697 35.97647  34.69571  34.019592 34.59413  36.823116
 39.361237 41.12052  42.51632  43.33291  43.393074 43.56852  42.999744
 42.42748  51.754192 53.63053  54.249065 53.05195  48.311054 41.404987
 34.790752 29.935963 26.743876 25.313498 26.276695 26.883865 27.757414
 28.185495 27.262821 26.455534 25.87085  26.39106  26.199072 26.295872
 27.108175 28.653294 30.712097 31.023563 30.980574 30.501665 29.9834
 29.405758 29.028147 26.894802 26.439754 26.808067 28.298632 29.88269
 30.722446]",8.546960830688477,"[ 9.881853  13.005841   9.053347   8.918646  11.127092   8.996115
  5.71093    3.732901   5.223498   9.230704   6.6386223  5.031847
  5.9167757 10.910936   8.489317   8.20345    9.349064   5.6197753
  7.35043    6.8648295  6.4953156  4.734965   6.5342035  8.775251
  5.511455   9.336508   6.654181   9.044781   9.716067   6.3504043
  9.017281   5.442876  12.407001  19.488916  15.866211   7.32175
  4.5404663  4.960569   4.8347907  7.9915915 12.170433   7.0658827
  4.535817   3.5234125  5.8149767  4.2995424  7.6335196  8.86627
  6.1356945  6.028494   5.1897435 11.257071  10.015321   7.2546663
  3.9669857  4.8235326  7.0183687 19.066795  10.978039  17.57062
 12.200941  15.022124   7.20083    5.214784   7.8309774  6.0950437
  7.182407  10.661046  20.642153  15.477131   5.1417165  6.0746775
  8.434907   7.311514   7.6871605  6.7156453  9.0479355  7.9803605
  7.3278346  7.365449   4.6490374  5.0294013 10.714114   2.68377
 10.910771   8.219408   8.887927   6.6967454 13.239533   9.67559
 11.764598  16.526579   8.200771   4.538536   9.375489  11.07936
  4.4767237  8.025489   7.7670903 16.659613  15.775628   8.7834   ]",ok,
00215,poloshort_bend_back_and_front,easymocap,106,69.84883880615234,"[ 50.797665  54.9487    56.58969   56.761425  58.6097    59.125366
  57.944714  57.73367   56.51973   54.306     51.06346   48.789494
  51.740723  53.280083  60.653336  64.1654    71.78413   76.25323
  76.41233   70.21176   61.73057   59.59487   58.069862  57.232365
  59.737125  62.195602  65.9007    67.46375   68.86291   67.19512
  67.065414  66.18061   64.837585  63.673466  62.044285  62.805317
  67.35699   66.6062    66.62861   66.160934  66.04877   67.98821
  70.87821   72.55875   74.57129   76.6981    76.97521   75.72551
  73.2959    69.85142   64.330345  59.60544   57.44805   53.47948
  51.11253   49.26221   49.63588   50.68551   62.458748  78.95707
  78.96178   78.12923   81.2755    91.55162   73.27003   72.64717
  73.17293   69.38438   67.47061   67.36892   69.34153   76.265564
  79.3201    81.7157    82.94783   84.53491   86.566635  88.4168
  91.36249   97.04912  104.83206  111.01032  110.56334  112.31608
 107.75513  109.90248  109.68745  108.00407  103.01547   93.56349
  90.79824   86.57134   80.1397    77.61687   75.6209    73.00657
  66.32082   59.231056  47.319523  40.804386  42.237923  46.42326
  46.871487  47.19283   46.179703  45.64007 ]",57.31233596801758,"[ 24.066803  28.471199  29.014036  28.221888  28.453808  28.351841
  28.850294  30.640554  32.308525  31.416365  30.093662  29.675457
  29.905933  30.421114  31.300905  30.883419  33.521404  36.935287
  37.388103  34.77919   34.628254  39.852997  42.99825   44.139957
  44.852398  44.934612  45.674034  45.042496  44.435184  43.211452
  43.373344  43.424507  43.345505  42.224827  41.308636  39.902805
  45.961765  46.682846  47.544487  48.140453  49.61354   51.72625
  53.245354  55.845413  58.751022  61.524326  62.258793  61.340443
  58.06781   54.931713  51.996548  51.642593  50.71218   50.393364
  49.25776   49.314274  49.795506  50.24309   57.907486  65.39349
  67.64536   69.32627   71.13231   85.28615   75.93555   75.27177
  75.326195  71.458725  68.89795   68.39782   70.27445   78.32526
  81.764015  83.739     83.91011   84.44244   85.043915  86.75304
  88.04662   91.69658   97.13018  102.60515  104.80741  108.62551
 108.013245 109.45355  108.2059   105.32683   99.75306   88.20407
  85.619354  82.19398   77.80017   73.86277   68.61588   63.567505
  56.08587   45.92241   38.038452  37.531513  41.17098   45.11209
  46.256744  46.92916   45.90108   45.36141 ]",50.56767654418945,"[23.557257 27.645432 27.907055 27.591576 27.747858 27.74151  28.21512
 29.682045 31.711231 31.118662 29.58656  29.242098 29.005413 29.035309
 28.999868 29.63989  31.800613 34.21267  34.01065  31.223362 31.206013
 34.295067 37.366787 39.87197  41.296    41.817635 42.301643 42.274
 41.00108  40.322838 39.821968 39.99274  39.52416  38.810368 38.104687
 36.943935 40.665306 41.84397  42.526077 44.244884 45.914566 48.13687
 49.827213 52.072277 55.40222  58.365486 59.457973 58.71197  56.403297
 53.601288 51.072342 50.28184  49.090805 47.6656   46.03697  43.87022
 43.474022 44.588688 48.07636  51.982162 55.692894 57.300392 61.41766
 75.92696  68.173294 67.8213   67.63625  63.805305 60.401985 58.894753
 60.155933 67.15602  70.208275 71.738815 71.4419   71.390854 70.96957
 70.91678  71.67808  73.48083  76.84251  80.914    84.36682  88.83237
 90.4292   92.159096 91.68291  89.34007  85.7406   78.44899  76.12039
 74.570885 72.57709  70.29968  66.498215 62.321014 55.2075   43.69001
 32.01712  27.285122 28.122784 30.551542 31.517881 31.706438 32.136612
 32.649586]",62.68151092529297,"[51.77157  57.54106  59.615448 59.27335  60.519073 60.479565 59.370888
 59.108215 58.615818 56.376686 52.391262 49.489563 51.736427 52.908493
 58.044044 60.49331  66.211945 69.291405 68.471756 64.25463  56.596474
 52.98241  51.16055  50.270184 51.76935  52.886097 56.888416 57.79329
 59.511215 59.254322 59.35422  58.9885   58.442352 57.778553 56.736958
 58.200104 64.76522  64.04352  64.459435 64.367905 64.18259  65.80826
 68.3839   70.000015 71.08369  72.636086 72.405975 71.60368  68.772705
 65.50957  59.952545 54.95738  51.9027   47.321533 43.66525  42.579174
 43.75875  44.588745 56.18001  69.71302  70.42736  67.96052  64.216995
 86.16242  65.91794  63.768036 62.693188 59.14991  58.671387 58.505672
 58.717888 63.955864 65.99874  67.6269   68.160706 69.979515 71.54491
 73.927864 76.54258  80.83748  86.42668  90.599976 89.66786  90.3516
 86.40841  88.50186  88.98202  89.00783  85.24647  77.20104  76.59034
 73.20166  67.874344 65.82767  64.26033  62.704643 57.990322 53.649376
 45.13589  40.24696  42.202103 45.0581   46.403965 47.04398  46.07452
 45.597702]",54.50071716308594,"[28.833769 35.38407  35.423473 34.288994 33.967396 32.981987 33.560795
 33.918465 34.95089  33.18397  32.452057 31.251478 28.6043   30.98649
 31.806536 32.59607  35.757797 39.202003 39.4951   36.95241  36.444992
 38.489487 40.19787  40.5778   40.38329  39.718445 40.32633  40.060722
 38.78801  39.130173 39.125877 39.67488  39.97169  39.965454 40.558178
 40.457237 46.157986 47.201138 48.282104 48.983917 50.15947  52.051693
 53.061024 55.942966 57.794613 60.341026 61.332035 60.652634 56.87185
 54.343166 52.343147 52.390594 49.91771  49.07265  47.12337  48.32053
 50.379974 50.191685 59.128525 67.476944 66.30534  64.764626 66.95929
 83.717766 65.47588  62.869213 63.034885 59.426132 58.238823 58.996883
 61.203274 62.53258  65.39153  68.036674 68.77978  70.39481  71.941246
 75.0315   75.75675  79.55416  86.3929   91.222824 91.454124 93.63693
 91.285774 93.79063  94.722305 94.559006 90.25442  81.54135  81.121185
 77.31429  71.35408  68.46136  65.333595 63.18245  58.532696 53.206085
 46.552788 45.505646 47.46845  50.27751  51.594196 51.45995  50.172775
 49.278507]",40.01250076293945,"[20.503914 23.22194  23.778605 23.817764 24.224287 24.1083   24.420256
 25.171318 26.636938 26.08142  24.694092 23.199345 23.307472 23.925549
 25.635227 27.202671 30.08788  32.46828  32.051514 29.057264 27.749
 28.167149 28.683409 29.08912  29.476961 29.41995  29.340944 28.966616
 28.163002 28.05647  27.829067 28.231806 28.37713  28.657986 29.16777
 29.030403 35.046333 36.02353  36.54731  37.992702 39.416546 41.262028
 42.304825 44.189957 46.6305   48.738464 49.26402  48.30529  46.25694
 43.788044 41.31408  40.13756  38.357155 37.078415 35.109642 33.321823
 32.09916  31.492744 33.732445 36.930893 40.014072 41.98907  47.73521
 67.96902  58.116222 57.598804 56.433113 52.927525 50.138115 48.203636
 47.877144 50.335453 51.69481  52.30317  51.683647 51.49873  51.352333
 51.3449   51.991676 53.556946 56.801605 60.18154  62.982136 67.17407
 69.02497  71.71506  72.42472  71.067116 68.11523  63.63638  60.269985
 57.67623  54.68988  52.350517 49.224495 45.69298  40.14289  32.24549
 24.364992 22.89105  25.628525 27.373507 29.844141 30.856518 31.386305
 31.45973 ]",8.450891494750977,"[  4.256165    2.2137854   3.6588974   3.3706326   3.8617191   3.5213127
   4.8318477   5.2398443   3.6069853   5.9808273   7.3915296   6.2408433
   6.7189984   5.3851514   6.9532194   6.6722965   8.909062    5.383795
   5.9899206   5.472297    5.866758    6.8594165   3.3840935   5.6755767
   4.6296954   5.9430895   6.6366286   4.8532667   4.9033      3.2290945
   3.8961873   3.1316605   3.454854   18.070421   17.886015    3.6745636
   4.494294    3.0529678   2.108789    1.6989179   3.170512    5.100286
   5.343842    4.407972    3.9902687   7.3130584   5.790763    3.8934238
   4.3918967   5.473764    3.6107554   5.8072557   6.6188965   4.580714
   5.5468793  12.560993    8.687997   12.744591    7.0272646  17.180098
  98.69496   106.443436   23.28381     8.733769   11.070964    5.4661274
   6.2685347   4.6520867  31.537931   25.258236    5.9053025   5.544035
   5.702021    4.688867    3.1982484   5.759438    5.55474     5.729994
   6.379077    7.487202    4.0015783   6.8772616   6.680504    3.2134087
   4.850971    5.4844694   9.0011425  12.966077    6.683417    4.003806
   4.939399    6.295431    6.650029    5.58784     6.617803    4.352246
   6.424962    8.043631    5.8460927   5.8745856   4.0553317   3.832195 ]",ok,
00215,shortlong_tilt_twist_left,easymocap,106,54.08100891113281,"[ 31.48663   41.622375  42.47362   44.79139   44.575     43.40473
  42.828     41.751514  40.82772   38.769047  32.313183  31.215004
  31.726688  33.740158  34.69733   35.322926  36.548477  38.88127
  37.505173  38.004566  38.76658   41.519413  42.890396  42.0544
  41.24874   42.48391   45.31759   45.276302  46.61679   43.36073
  41.798195  43.545956  45.21729   46.170513  48.574802  49.397594
  56.139286  56.58555   55.62954   56.87829   56.874775  57.173355
  57.63869   57.02477   57.43879   57.465607  56.617706  57.275005
  56.514893  55.046402  54.486713  51.861435  49.179985  45.30853
  42.27091   39.422962  39.83634   39.110806  41.042816  40.04982
  40.062668  38.902992  38.580875  38.94531   40.464954  42.555183
  41.9169    43.75894   45.81428   47.63579   51.200016  50.66058
  51.100426  49.44008   47.421482  57.328133  72.78162  151.796
 166.6766   187.35793  186.91498  170.38524  163.23012  123.65701
  65.62406   54.171276  51.630318  51.75095   52.452747  54.324203
  54.3135    50.727955  53.084866  52.886383  52.28259   52.80357
  49.104416  46.037365  44.793777  42.125065  40.13411   38.961704
  40.37995   43.249687  44.15017   45.41321 ]",53.490150451660156,"[ 26.367064  37.385742  38.575     40.67257   40.195557  39.254017
  37.96809   35.7987    35.52871   34.143585  29.096256  29.577478
  30.68776   32.44408   33.596962  34.336853  35.783222  38.263798
  36.87398   37.186146  37.694656  40.509712  41.646347  40.988625
  40.485603  41.47835   44.080795  42.788425  44.207756  40.76056
  38.75062   39.8113    39.612614  40.605488  42.06292   44.16081
  54.233448  55.5504    54.979496  55.463055  55.358475  55.23755
  55.102047  54.920048  55.243008  54.86977   54.60075   54.529057
  53.982235  52.993584  51.96503   48.454296  45.320858  42.11272
  39.344402  37.457092  37.307213  36.734215  39.73502   39.36379
  39.62919   38.306377  38.193256  38.565575  39.48208   40.477295
  40.092827  41.670635  42.99953   44.373093  47.568554  49.559048
  50.258007  48.68594   46.712467  57.131348  75.297874 171.48264
 196.20482  217.06116  216.50154  200.99226  186.06592  131.89507
  63.58139   49.160866  46.999058  45.99662   45.776176  46.222622
  49.623524  47.71181   50.89612   51.653828  50.481228  51.104584
  46.38822   44.555485  44.460827  42.05563   40.054012  38.12825
  39.37218   41.4916    42.663734  44.134045]",49.67298889160156,"[ 25.74489   29.582418  31.69712   33.914684  34.485023  34.636787
  36.886707  35.350048  33.76211   30.47158   28.767368  29.380358
  30.242416  31.612553  32.26322   32.998928  34.339474  35.949158
  35.51798   36.419052  36.912674  38.30254   38.323135  38.343925
  37.797615  36.91795   35.622364  34.48448   34.03387   34.188816
  34.900097  36.841682  37.962936  39.530457  41.467567  43.60487
  52.360962  52.844185  53.1249    53.469807  53.56681   53.63877
  53.343586  53.286087  53.621628  53.448376  53.482285  53.627983
  53.054905  52.123528  49.635685  46.656433  43.662563  40.96975
  39.037308  37.150196  35.56539   34.785225  35.14153   35.789955
  35.84638   35.87821   36.047512  36.68229   37.186615  37.782833
  38.157124  39.465595  40.417385  41.81082   43.91853   44.819702
  46.22747   45.640247  45.42189   54.29672   73.77861  159.05133
 188.76683  207.96819  208.09721  194.6095   175.80261  123.77998
  60.957138  45.137276  42.778973  41.756485  40.308212  38.98244
  37.87308   31.928137  36.127872  37.905125  39.978424  40.158367
  40.113327  38.700977  37.02202   35.659798  35.94664   36.41362
  38.176178  39.887924  40.7969    40.62917 ]",44.330345153808594,"[ 29.225365  35.917614  35.52692   37.072277  36.595444  34.689774
  33.284782  32.11303   32.66722   31.88771   26.64681   27.889067
  27.940498  28.898193  29.531027  29.295755  30.043264  31.091032
  30.749456  32.40739   35.196217  37.696953  39.05807   37.553757
  35.922897  36.153507  38.622704  40.038525  41.283432  38.630756
  36.71685   36.879745  37.838398  38.34426   40.82109   41.17947
  46.147198  45.8525    45.350704  46.891075  47.47195   48.351204
  49.531746  49.550045  49.30201   49.379307  48.852848  49.451424
  47.887165  46.27199   45.98284   43.70508   41.411724  37.384125
  34.305424  32.122723  31.956657  31.729385  33.24155   32.041412
  31.773266  30.476944  30.85286   31.088434  32.44381   35.103497
  34.993256  36.34374   37.06929   37.507263  40.137585  40.617386
  39.667473  38.103252  38.082485  48.815277  66.10653  119.33196
 134.31442  147.57292  147.01237  137.14719  127.71237   97.46009
  56.17896   44.820656  41.98779   41.979683  41.376022  41.687607
  39.901207  38.672897  39.996895  41.106556  40.5004    42.294563
  39.866028  38.489983  37.8726    36.235493  33.09127   30.920864
  31.015703  32.468433  33.309677  35.92815 ]",45.96527862548828,"[ 30.946491  41.22338   41.467995  42.551445  42.15951   41.104828
  38.392887  35.901974  35.476448  34.048107  27.693468  28.139256
  28.062904  28.96869   30.089342  29.556631  30.780077  31.909908
  30.578709  31.33517   33.19648   35.07021   35.61661   34.318974
  33.560234  33.693165  36.18816   35.977085  37.687634  34.781082
  32.72571   32.200886  31.517279  33.214542  34.727932  36.08231
  45.699017  45.65953   45.860992  46.906483  47.748524  48.15643
  48.65353   48.47503   48.322212  48.256886  48.273678  48.950756
  47.394157  45.867203  45.854122  43.434174  41.767483  39.04762
  36.04818   34.790222  34.459126  33.939014  35.053276  33.788296
  33.880444  32.262722  32.810497  33.53603   35.33708   38.68414
  39.02936   41.59248   43.925533  45.67789   49.77077   47.617836
  45.43936   42.143864  40.235985  49.71132   65.47074  128.62225
 140.3237   158.60263  158.33614  143.01208  135.4421    99.48859
  52.04026   40.971893  40.954987  41.755306  40.3541    39.21587
  39.529255  39.14155   41.48869   44.156734  45.156853  47.8766
  46.46464   45.24021   44.16112   41.482998  37.873226  35.96417
  37.42971   39.374176  37.915707  39.466026]",41.42793655395508,"[ 23.702017  25.01791   24.833256  25.695457  25.61961   25.494066
  26.210844  24.57146   24.374037  23.954802  24.135487  26.939417
  27.046375  27.678928  27.110159  26.360676  26.805334  27.796513
  28.436623  30.668013  32.688705  34.486633  34.652264  34.15589
  33.120495  32.100235  30.42529   29.112091  28.791225  28.670132
  28.034     28.117493  28.39523   29.980658  31.926523  34.0198
  43.013054  43.595135  44.60973   45.638065  46.49896   47.055656
  47.24522   47.523315  47.5547    47.243835  47.06475   46.89368
  45.576435  44.018562  41.79897   39.138783  36.27022   33.549538
  31.523888  30.973494  29.634237  28.64846   28.510695  28.962185
  29.016691  28.128149  28.22742   28.786919  29.904572  31.840235
  33.258434  34.69229   35.021214  34.898636  36.116604  39.13778
  38.50301   36.735256  36.264915  46.816563  65.02875  139.98686
 164.09946  180.22806  180.20964  167.53014  150.9235   104.06694
  50.32626   36.003048  32.88836   31.796272  30.039864  28.662144
  27.44768   25.35071   29.26364   31.473488  33.994926  35.150555
  36.037853  34.81194   31.802776  29.303616  28.289589  27.399244
  27.823536  28.5564    29.404202  32.444214]",10.725055694580078,"[ 4.4385834  3.4778028  3.6930258  7.1044526  6.9052553  5.9601383
  5.7015786 13.216779  11.3610735  5.7560306  4.547949   5.1039705
  4.4556627  4.1584673  4.3832264  7.8643904  4.114534   4.4163795
  4.5884113  5.367383   5.9528522  3.4739366  8.072398   5.843956
  8.618745   5.72806    7.596407   5.9179826  4.702158   3.372228
  3.6196709  3.227289   5.480195  14.500717  18.27143    9.700165
  6.6763687  3.605985   4.5332923  4.5819674  3.636961   3.191931
  3.2985663  3.0803444  4.382893   9.25792    6.3216553  7.7576375
  8.575264   3.6036038  4.5877857  5.7525487  7.507842   8.591467
  7.3774395 10.039979   8.919245   3.6575544  5.9860883  3.455054
  7.0771227  5.2874274  4.52673    6.7835183  4.462618   2.7576706
  3.6826913  7.384624  22.996113  21.927341   7.0769043  7.0205884
 17.867073  19.71524   90.83209   82.88449   36.566032  33.92763
 26.216825  25.584864  43.12081   41.33872   54.807068  13.578236
  8.341126   6.4650683  3.9699836  6.1561627 11.088351  17.857988
  6.9863353  7.438604   6.958809  10.425647  10.145038   4.18179
  6.0518174  6.938072   5.50377    4.7372003  5.8719454  8.342949 ]",ok,
AVERAGE,,,,69.64501495361328,,60.577222442626955,,50.08795700073242,,60.56492385864258,,52.897377014160156,,40.05079879760742,,9.250243949890137,,,
STD,,,,10.450930927916941,,6.233852455165757,,6.806846366112344,,9.9813789804908,,3.919395794971679,,4.3344172312495015,,2.557266228774719,,,
