subject,sequence,tracker,num_gt_frames,num_pred_frames,num_matched_frames,coverage,match_strategy,num_dropped,mean_accel,root_aligned_mpvpe,pa_mpvpe,per_frame_pa_mpvpe,root_aligned_mpjpe,pa_mpjpe,per_frame_pa_mpjpe,status,error
00032,longshort_flying_eagle,wham,284.0,284.0,36.0,0.1267605633802817,adjustEasy,123.0,5.8491339683532715,91.31981658935547,45.7296257019043,"[58.030018 43.395054 41.829666 41.003105 42.578957 51.308296 51.245197
 41.349922 28.399942 32.40057  36.552666 38.67929  39.729145 38.990704
 39.869576 42.847656 41.02376  39.608456 40.72213  42.988186 41.21091
 40.74544  56.0138   60.673615 58.266052 52.439926 46.181644 47.83064
 52.440605 51.791092 49.990936 43.834454 45.39197  50.69861  56.872086
 59.332413]",80.67745208740234,35.98057174682617,"[48.49712  34.969357 32.85936  31.865808 31.636078 32.41202  28.879496
 25.065718 22.214375 26.309288 28.58101  30.039467 30.996391 30.606916
 29.79106  31.267126 32.905273 33.24013  33.197823 36.455677 36.968018
 36.785107 39.253185 40.732845 39.64668  37.956196 37.094215 42.380543
 45.412575 44.4392   43.946636 39.706295 38.894623 42.779507 47.569653
 49.945724]",ok,
AVERAGE,,wham,284.0,284.0,36.0,0.1267605633802817,,123.0,5.8491339683532715,91.31981658935547,45.7296257019043,,80.67745208740234,35.98057174682617,,average,
